{
  "$schema": "https://raw.githubusercontent.com/Azure/azure-rest-api-specs/master/documentation/sdkautomation/SwaggerToSdkConfigSchema.json",
  "generateOptions": {
    "generateScript": {
      "path": "generator automation-v2",
      "stderr": {
        "showInComment": "^\\[AUTOREST\\]",
        "scriptError": "^\\[ERROR\\]",
        "scriptWarning": "^\\[WARNING\\]"
      }
    }
  },
  "advancedOptions": {
    "cloneDir": "src/github.com/Azure/azure-sdk-for-go",
    "breakingChangeTracking": true
  },
  "initOptions": {
    "initScript": {
      "path": "sh ./eng/scripts/automation_init.sh",
      "stderr": {
        "scriptWarning": false
      }
    }
  },
  "packageOptions": {
    "breakingChangeLabel": "CI-BreakingChange-Go-V2"
  }
}
