<component name="ProjectRunConfigurationManager">
  <configuration default="false" name="docker-compose.yml[postgres, mysql, sqlserver]: Compose Deployment" type="docker-deploy" factoryName="docker-compose.yml" server-name="Docker">
    <deployment type="docker-compose.yml">
      <settings>
        <option name="envFilePath" value="" />
        <option name="envVars">
          <list>
            <DockerEnvVarImpl>
              <option name="name" value="POSTGRES_VERSION" />
              <option name="value" value="11.5" />
            </DockerEnvVarImpl>
            <DockerEnvVarImpl>
              <option name="name" value="MYSQL_VERSION" />
              <option name="value" value="8" />
            </DockerEnvVarImpl>
            <DockerEnvVarImpl>
              <option name="name" value="SQLSERVER_VERSION" />
              <option name="value" value="2017-CU8-ubuntu" />
            </DockerEnvVarImpl>
          </list>
        </option>
        <option name="services">
          <list>
            <option value="postgres" />
            <option value="mysql" />
            <option value="sqlserver" />
          </list>
        </option>
        <option name="sourceFilePath" value="docker-compose.yml" />
        <option name="upExitCodeFromService" value="" />
        <option name="upTimeout" value="" />
      </settings>
    </deployment>
    <method v="2" />
  </configuration>
</component>